s,delta,init,seed,budget,global_fun,fun,time_s
0.0,1.0,triv,0,light,-13.8121200086,-13.8161628072,62.0
0.0,1.0,triv,0,base,-13.7993890333,-13.8161627981,112.7
0.0,1.0,triv,1,light,-13.8155876401,-13.8161627419,88.4
0.0,1.0,triv,1,base,-13.8091465747,-13.8161627815,66.4
0.0,1.0,triv,2,light,-13.6629417485,-13.8161628133,94.5
0.0,1.0,triv,2,base,-13.8058935165,-13.8161628315,244.8
0.0,1.0,topo,0,light,-6.8280249569,-6.9080813880,111.1
0.0,1.0,topo,0,base,-6.7144267033,-6.9077443591,278.2
0.0,1.0,topo,1,light,-6.7518055862,-6.9080790052,168.5
0.0,1.0,topo,1,base,-6.8574008588,-6.9080813561,259.3
0.0,1.0,topo,2,light,-6.3509691690,-6.9067226266,141.8
0.0,1.0,topo,2,base,-6.8741827421,-6.9080801090,302.3
0.0,1.0,afm,0,light,-10.8729249969,-10.8731272601,89.9
0.0,1.0,afm,0,base,-10.8730682448,-10.8731273048,116.2
0.0,1.0,afm,1,light,-10.8729306266,-10.8731273003,79.5
0.0,1.0,afm,1,base,-10.8728715393,-10.8731273079,95.3
0.0,1.0,afm,2,light,-10.8729460053,-10.8731272979,63.1
0.0,1.0,afm,2,base,-10.8731130012,-10.8731273048,120.8
0.5,1.0,triv,0,light,-8.4271903663,-8.7614201529,119.3
0.5,1.0,triv,0,base,-8.7091405912,-8.7629711925,280.6
0.5,1.0,triv,1,light,-8.3890098021,-8.7619005169,133.1
0.5,1.0,triv,1,base,-8.4306133091,-8.7615055806,283.2
0.5,1.0,triv,2,light,-8.6423601977,-8.7866091081,141.3
0.5,1.0,triv,2,base,-8.5474583011,-8.7846644642,272.0
0.5,1.0,topo,0,light,-7.2695257530,-7.5224757138,141.6
0.5,1.0,topo,0,base,-7.4230448242,-7.5243183603,262.0
0.5,1.0,topo,1,light,-7.3027479724,-7.5272676539,130.4
0.5,1.0,topo,1,base,-7.2282433061,-7.5294586632,244.2
0.5,1.0,topo,2,light,-7.3302811030,-7.5278108115,118.8
0.5,1.0,topo,2,base,-7.4690340999,-7.5361248541,236.8
0.5,1.0,afm,0,light,-9.4566766334,-9.5773000822,98.7
0.5,1.0,afm,0,base,-9.5687674219,-9.5875905732,192.0
0.5,1.0,afm,1,light,-9.4261077122,-9.5850750246,98.6
0.5,1.0,afm,1,base,-9.5816303038,-9.5870496054,142.7
0.5,1.0,afm,2,light,-9.5162830678,-9.5733784825,90.2
0.5,1.0,afm,2,base,-9.5737605717,-9.5864425385,167.0
0.98,1.0,triv,0,light,-6.5904681957,-6.7867766866,111.1
0.98,1.0,triv,0,base,-6.6691818978,-6.7699580983,218.5
0.98,1.0,triv,1,light,-6.7104376154,-6.7945867999,98.9
0.98,1.0,triv,1,base,-6.7132192943,-6.7705275478,212.0
0.98,1.0,triv,2,light,-6.7135661668,-6.7912753332,93.3
0.98,1.0,triv,2,base,-6.7414292437,-6.7698596997,202.0
0.98,1.0,topo,0,light,-10.1535842897,-10.1582561269,79.6
0.98,1.0,topo,0,base,-10.1560245820,-10.1578641724,165.8
0.98,1.0,topo,1,light,-10.0960139686,-10.1573540625,101.1
0.98,1.0,topo,1,base,-10.1567653676,-10.1603130570,174.2
0.98,1.0,topo,2,light,-10.1273057857,-10.1561948383,100.1
0.98,1.0,topo,2,base,-10.1527350148,-10.1568915600,128.8
0.98,1.0,afm,0,light,-9.3486468169,-9.4332097298,85.8
0.98,1.0,afm,0,base,-9.4241645781,-9.4830576633,148.4
0.98,1.0,afm,1,light,-9.3558128273,-9.4508429032,71.3
0.98,1.0,afm,1,base,-9.3745266918,-9.4337077202,126.2
0.98,1.0,afm,2,light,-9.2832492216,-9.4336092324,72.4
0.98,1.0,afm,2,base,-9.4546553421,-9.4835626778,112.5
