s,delta,init,scale,restart,L1,L2,time_s
0.0,1.0,triv,0.1,0,-13.8161628133,-13.8161628133,23.6
0.0,1.0,triv,0.1,1,-13.8161628133,-13.8161628133,27.0
0.0,1.0,triv,0.3,0,-13.8161628133,-13.8161628133,26.2
0.0,1.0,triv,0.3,1,-13.8161628133,-13.8161628133,23.7
0.0,1.0,topo,0.1,0,-6.9080813880,-6.9080813880,13.5
0.0,1.0,topo,0.1,1,-6.9080813880,-6.9080813880,14.0
0.0,1.0,topo,0.3,0,-6.9080813880,-6.9080813880,7.2
0.0,1.0,topo,0.3,1,-6.9080813880,-6.9080814119,7.8
0.0,1.0,afm,0.1,0,-10.8731273003,-12.3416971140,24.0
0.0,1.0,afm,0.1,1,-10.8731273003,-12.3399957655,24.9
0.0,1.0,afm,0.3,0,-10.8731273003,-12.3434915735,22.7
0.0,1.0,afm,0.3,1,-10.8731273003,-12.3368606807,23.4
0.5,1.0,triv,0.1,0,-8.7866091081,-8.8268773688,25.7
0.5,1.0,triv,0.1,1,-8.7866091081,-8.8249951191,22.9
0.5,1.0,triv,0.3,0,-8.7866091081,-8.8125152483,26.7
0.5,1.0,triv,0.3,1,-8.7866091081,-8.8265237980,23.9
0.5,1.0,topo,0.1,0,-7.5278108115,-7.5313848060,26.7
0.5,1.0,topo,0.1,1,-7.5278108115,-7.5348628819,27.8
0.5,1.0,topo,0.3,0,-7.5278108115,-7.5309428570,28.6
0.5,1.0,topo,0.3,1,-7.5278108115,-7.5351350268,27.8
0.5,1.0,afm,0.1,0,-9.5850750246,-9.6024939712,25.7
0.5,1.0,afm,0.1,1,-9.5850750246,-9.7070786989,26.6
0.5,1.0,afm,0.3,0,-9.5850750246,-9.6763735724,23.8
0.5,1.0,afm,0.3,1,-9.5850750246,-9.6942977946,24.1
0.98,1.0,triv,0.1,0,-6.7945867999,-6.7963177142,22.1
0.98,1.0,triv,0.1,1,-6.7945867999,-6.7948875301,23.1
0.98,1.0,triv,0.3,0,-6.7945867999,-6.7952659824,24.1
0.98,1.0,triv,0.3,1,-6.7945867999,-6.7945867999,23.8
0.98,1.0,topo,0.1,0,-10.1582561269,-10.1609804279,27.4
0.98,1.0,topo,0.1,1,-10.1582561269,-10.1604400578,26.6
0.98,1.0,topo,0.3,0,-10.1582561269,-10.1610438855,27.7
0.98,1.0,topo,0.3,1,-10.1582561269,-10.1610336674,25.8
0.98,1.0,afm,0.1,0,-9.4508429032,-9.4968552339,24.7
0.98,1.0,afm,0.1,1,-9.4508429032,-9.4970033464,20.9
0.98,1.0,afm,0.3,0,-9.4508429032,-9.4962084140,19.5
0.98,1.0,afm,0.3,1,-9.4508429032,-9.4960075183,20.2
