s,delta,init,scale,restart,L1,L5,time_s
0.0,1.0,afm,0.2,0,-10.8731273138,-12.3311693077,48
0.0,1.0,afm,0.2,1,-10.8731273138,-12.2826639756,58
0.0,1.0,afm,0.4,0,-10.8731273138,-12.2837811231,56
0.0,1.0,afm,0.4,1,-10.8731273138,-12.6860911065,50
0.0,1.0,afm,0.6,0,-10.8731273138,-12.5273370483,54
0.0,1.0,afm,0.6,1,-10.8731273138,-11.1451452621,54
0.0,1.0,topo,0.2,0,-5.7261880565,-7.0654979600,59
0.0,1.0,topo,0.2,1,-5.7261880565,-7.3197250130,66
0.0,1.0,topo,0.4,0,-5.7261880565,-6.7590210515,49
0.0,1.0,topo,0.4,1,-5.7261880565,-7.3911770166,63
0.0,1.0,topo,0.6,0,-5.7261880565,-7.1312689400,57
0.0,1.0,topo,0.6,1,-5.7261880565,-7.0700282577,55
0.0,1.0,triv,0.2,0,-13.8161628401,-13.8161628401,60
0.0,1.0,triv,0.2,1,-13.8161628401,-13.8161628401,55
0.0,1.0,triv,0.4,0,-13.8161628401,-13.8161628401,59
0.0,1.0,triv,0.4,1,-13.8161628401,-13.8161628401,63
0.0,1.0,triv,0.6,0,-13.8161628401,-13.8161628401,61
0.0,1.0,triv,0.6,1,-13.8161628401,-13.8161628401,61
0.5,1.0,afm,0.2,0,-9.5876639872,-9.6866689575,46
0.5,1.0,afm,0.2,1,-9.5876639872,-9.6810183236,45
0.5,1.0,afm,0.4,0,-9.5876639872,-9.6799882776,49
0.5,1.0,afm,0.4,1,-9.5876639872,-9.6781939381,45
0.5,1.0,afm,0.6,0,-9.5876639872,-9.6807855616,44
0.5,1.0,afm,0.6,1,-9.5876639872,-9.6749693359,46
0.5,1.0,topo,0.2,0,-7.1491246097,-7.4770916703,44
0.5,1.0,topo,0.2,1,-7.1491246097,-7.4441554316,46
0.5,1.0,topo,0.4,0,-7.1491246097,-7.4717481687,49
0.5,1.0,topo,0.4,1,-7.1491246097,-7.4356459953,46
0.5,1.0,topo,0.6,0,-7.1491246097,-7.5196091550,52
0.5,1.0,topo,0.6,1,-7.1491246097,-7.5093818776,44
0.5,1.0,triv,0.2,0,-8.7039695491,-9.4225080582,54
0.5,1.0,triv,0.2,1,-8.7039695491,-9.2941608943,49
0.5,1.0,triv,0.4,0,-8.7039695491,-9.3895886667,53
0.5,1.0,triv,0.4,1,-8.7039695491,-9.2851515900,47
0.5,1.0,triv,0.6,0,-8.7039695491,-9.3683860745,49
0.5,1.0,triv,0.6,1,-8.7039695491,-9.2723566001,48
0.98,1.0,afm,0.2,0,-9.3690809981,-9.8878633469,42
0.98,1.0,afm,0.2,1,-9.3690809981,-9.8351568369,41
0.98,1.0,afm,0.4,0,-9.3690809981,-9.7817221759,33
0.98,1.0,afm,0.4,1,-9.3690809981,-9.8356000709,36
0.98,1.0,afm,0.6,0,-9.3690809981,-9.4346337311,37
0.98,1.0,afm,0.6,1,-9.3690809981,-9.8331935546,36
0.98,1.0,topo,0.2,0,-10.1591352432,-10.1605400779,48
0.98,1.0,topo,0.2,1,-10.1591352432,-10.1591352432,51
0.98,1.0,topo,0.4,0,-10.1591352432,-10.1591352432,48
0.98,1.0,topo,0.4,1,-10.1591352432,-10.1591352432,45
0.98,1.0,topo,0.6,0,-10.1591352432,-10.1591352432,46
0.98,1.0,topo,0.6,1,-10.1591352432,-10.1591352432,46
0.98,1.0,triv,0.2,0,-5.8808915781,-8.3797341320,44
0.98,1.0,triv,0.2,1,-5.8808915781,-8.2813230478,46
0.98,1.0,triv,0.4,0,-5.8808915781,-8.4897730611,47
0.98,1.0,triv,0.4,1,-5.8808915781,-8.0103809364,48
0.98,1.0,triv,0.6,0,-5.8808915781,-8.3890762485,42
0.98,1.0,triv,0.6,1,-5.8808915781,-6.9572573182,48
