s,delta,init,scale,restart,L1,L2,L3,L4,L5,time_s
0.0,1.0,afm,0.1,0,-10.8731273133,-12.1681893010,-12.1681893146,-12.8889791764,-13.2004166931,94
0.0,1.0,afm,0.1,1,-10.8731273133,-12.1681841013,-12.1681897873,-12.3865782583,-12.4898637532,96
0.0,1.0,afm,0.3,0,-10.8731273133,-12.1681895776,-12.1681897179,-12.4594373868,-12.7309003017,97
0.0,1.0,afm,0.3,1,-10.8731273133,-12.1681862031,-12.1681898840,-13.2003977238,-13.2004247671,101
0.0,1.0,topo,0.1,0,-5.7261883865,-5.7261884630,-10.4058460387,-10.4060369615,-11.7339885278,105
0.0,1.0,topo,0.1,1,-5.7261883865,-5.7261883865,-10.2991171677,-10.4060369891,-10.7892860576,116
0.0,1.0,topo,0.3,0,-5.7261883865,-5.7261883865,-10.4059570036,-10.4060370672,-11.8746935172,116
0.0,1.0,topo,0.3,1,-5.7261883865,-5.7261884320,-9.6949076997,-9.6952094865,-10.1393050430,119
0.0,1.0,triv,0.1,0,-13.8161628230,-13.8161628230,-13.8161628230,-13.8161628230,-13.8161628230,91
0.0,1.0,triv,0.1,1,-13.8161628230,-13.8161628230,-13.8161628230,-13.8161628230,-13.8161628230,81
0.0,1.0,triv,0.3,0,-13.8161628230,-13.8161628230,-13.8161628230,-13.8161628230,-13.8161628230,119
0.0,1.0,triv,0.3,1,-13.8161628230,-13.8161628230,-13.8161628230,-13.8161628230,-13.8161628230,104
0.5,1.0,afm,0.1,0,-9.5876674623,-9.6856156552,-9.6857774615,-9.6868817528,-9.7146718865,138
0.5,1.0,afm,0.1,1,-9.5876674623,-9.6390409212,-9.6849942572,-9.6849942572,-9.6858715517,145
0.5,1.0,afm,0.3,0,-9.5876674623,-9.6857673337,-9.6857673337,-9.7339700013,-9.7339700013,145
0.5,1.0,afm,0.3,1,-9.5876674623,-9.6595695918,-9.6861822504,-9.6867415967,-9.7090799476,143
0.5,1.0,topo,0.1,0,-7.1491244456,-7.1491450335,-8.7395284839,-8.7395284839,-9.1220060761,138
0.5,1.0,topo,0.1,1,-7.1491244456,-7.1491244456,-8.0777917737,-8.0779897258,-8.3015798151,142
0.5,1.0,topo,0.3,0,-7.1491244456,-7.1491244456,-7.5997503778,-7.9354754299,-8.9986481157,142
0.5,1.0,topo,0.3,1,-7.1491244456,-7.1491244456,-8.7400597387,-8.7432567821,-9.4144621252,142
0.5,1.0,triv,0.1,0,-8.7039860266,-8.7039860266,-9.0127800324,-9.2965798142,-9.3166927787,122
0.5,1.0,triv,0.1,1,-8.7039860266,-8.7039860266,-8.8447284134,-8.9823013966,-9.0530192142,118
0.5,1.0,triv,0.3,0,-8.7039860266,-8.7039860266,-8.8291310772,-9.0458379680,-9.4030351203,122
0.5,1.0,triv,0.3,1,-8.7039860266,-8.7039860266,-8.8356869580,-8.9118062641,-9.0272096836,129
0.98,1.0,afm,0.1,0,-9.3690809312,-9.3690809312,-9.4530848011,-9.4646557962,-9.4913908567,92
0.98,1.0,afm,0.1,1,-9.3690809312,-9.3690809312,-9.4368773664,-9.4600386800,-9.4694054558,81
0.98,1.0,afm,0.3,0,-9.3690809312,-9.3690809312,-9.6744237849,-9.6747041842,-9.7185147978,81
0.98,1.0,afm,0.3,1,-9.3690809312,-9.3690809312,-9.6718706722,-9.6743884758,-9.9154475295,77
0.98,1.0,topo,0.1,0,-10.1591237843,-10.1591359601,-10.1591580283,-10.1591580283,-10.1591580283,94
0.98,1.0,topo,0.1,1,-10.1591237843,-10.1591237843,-10.1591456844,-10.1591456844,-10.1591456844,95
0.98,1.0,topo,0.3,0,-10.1591237843,-10.1591237843,-10.1595256003,-10.1595256003,-10.1595773134,119
0.98,1.0,topo,0.3,1,-10.1591237843,-10.1591237843,-10.1591237843,-10.1591237843,-10.1596936080,99
0.98,1.0,triv,0.1,0,-5.8808914245,-5.8808914245,-8.0645808187,-8.0659686766,-8.4703774772,132
0.98,1.0,triv,0.1,1,-5.8808914245,-5.8808914245,-6.6408216639,-6.6559839749,-8.0326696876,110
0.98,1.0,triv,0.3,0,-5.8808914245,-5.8808914245,-8.0660981919,-8.0660981919,-9.4947097793,127
0.98,1.0,triv,0.3,1,-5.8808914245,-5.8808914245,-8.0644283858,-8.0644283858,-9.4022354383,124
